node_id,node_type,name,description,composition,moisture_content,organic_content,source_location,volume_tonnes_per_year,collection_frequency,efficiency,processing_time_hours,energy_requirement_kwh_per_tonne,carbon_footprint_kg_co2_per_tonne,economic_value_per_tonne,market_demand,quality_grade,location,capacity_tonnes_per_year,operational_status,contact_info,constraint_type,severity,jurisdiction,actor_type,scale
FoodScraps,Waste_Type,Food Scraps,Organic waste from food preparation and consumption, including fruit and vegetable scraps, coffee grounds, tea bags, eggshells, and other biodegradable food waste.,{"carbohydrates": 45.0, "proteins": 15.0, "fats": 10.0, "fiber": 20.0, "moisture": 10.0},70.0,95.0,,,,,,,,,,,,,,
YardWaste,Waste_Type,Yard Waste,Organic waste from landscape maintenance, including grass clippings, leaves, branches, and other garden debris.,{"cellulose": 40.0, "hemicellulose": 25.0, "lignin": 20.0, "proteins": 5.0, "other": 10.0},50.0,98.0,,,,,,,,,,,,,,
CoffeeGrounds,Waste_Type,Coffee Grounds,Spent coffee grounds from coffee brewing, rich in nitrogen and organic matter.,{"organic_matter": 95.0, "nitrogen": 2.0, "phosphorus": 0.5, "potassium": 0.5},60.0,97.0,,,,,,,,,,,,,,
SpentGrain,Waste_Type,Spent Grain,Byproduct from beer brewing process, high in protein and fiber.,{"protein": 25.0, "fiber": 40.0, "carbohydrates": 25.0, "fats": 5.0, "moisture": 5.0},75.0,95.0,,,,,,,,,,,,,,
FatsOilsGrease,Waste_Type,Fats, Oils, and Grease (FOG),Waste cooking oils, fats, and grease from food preparation and processing.,{"fats": 80.0, "oils": 15.0, "grease": 5.0},5.0,99.0,,,,,,,,,,,,,,
ResidentialOrganicsBrooklyn,Waste_Stream,Residential Organics - Brooklyn,Curbside collected organic waste from residential properties in Brooklyn, NYC.,,,,70.0,150000.0,weekly,,,,,,,,,,,,
RestaurantFoodWaste_Downtown,Waste_Stream,Restaurant Food Waste - Downtown,Food waste collected from restaurants in downtown Manhattan.,,,,95.0,80000.0,daily,,,,,,,,,,,,
AerobicComposting,Process,Aerobic Composting,Controlled aerobic decomposition of organic waste to produce compost. Requires oxygen, moisture, and proper C:N ratio.,,,,,,85.0,168.0,25.0,50.0,,,,,,,,
AnaerobicDigestion,Process,Anaerobic Digestion,Biological process where organic matter is broken down by microorganisms in the absence of oxygen, producing biogas and digestate.,,,,,,90.0,336.0,45.0,30.0,,,,,,,,
BlackSoldierFlyLarvae,Process,Black Soldier Fly Larvae (BSFL),Insect-based bioconversion where black soldier fly larvae consume organic waste and convert it into insect protein and frass (manure).,,,,,,75.0,720.0,15.0,20.0,,,,,,,,
BiocharProduction,Process,Biochar Production,Thermal decomposition of organic waste in a low-oxygen environment (pyrolysis) to produce biochar, a stable carbon-rich material.,,,,,,80.0,2.0,150.0,100.0,,,,,,,,
Vermicomposting,Process,Vermicomposting,Composting using various species of earthworms to create a mixture of decomposing vegetable or food waste, bedding materials, and vermicast.,,,,,,80.0,336.0,10.0,25.0,,,,,,,,
CompostAmendment,Resource,Compost Amendment,Finished compost product used to improve soil structure, fertility, and water retention in agricultural and landscaping applications.,,,,,,,,,,80.0,high,A,,,,,,
Biogas,Resource,Biogas,Renewable energy source produced from anaerobic digestion, primarily composed of methane (50-75%) and carbon dioxide (25-50%).,,,,,,,,,400.0,very_high,A,,,,,,
DigestateFertilizer,Resource,Digestate Fertilizer,Nutrient-rich byproduct of anaerobic digestion, used as organic fertilizer for agricultural crops.,,,,,,,,,,50.0,high,A,,,,,,
AnimalFeed,Resource,Animal Feed (Insect Protein),High-protein animal feed produced from black soldier fly larvae, used for poultry, aquaculture, and livestock.,,,,,,,,,,1200.0,very_high,A,,,,,,
Frass,Resource,Frass (Insect Manure),Organic fertilizer produced as a byproduct of black soldier fly larvae digestion, rich in nutrients and beneficial microorganisms.,,,,,,,,,,200.0,high,A,,,,,,
Biochar,Resource,Biochar,Stable carbon-rich material produced through pyrolysis, used for soil amendment, carbon sequestration, and water filtration.,,,,,,,,,,500.0,growing,A,,,,,,
Syngas,Resource,Syngas,Synthesis gas produced during pyrolysis, composed primarily of hydrogen, carbon monoxide, and carbon dioxide. Can be used for energy generation or as a chemical feedstock.,,,,,,,,,,300.0,medium,B,,,,,,
FACILITY-BK-COMPOST-01,Facility,Brooklyn Composting Facility 01,Large-scale aerobic composting facility in Brooklyn, processing residential and commercial organic waste.,,,,,,,,,,,,,"{"latitude": 40.6782, "longitude": -73.9442, "borough": "Brooklyn", "neighborhood": "Red Hook"}",100000.0,active,info@brooklyncompost.nyc.gov,,,,,
AD_PLANT-QUEENS-02,Facility,Queens Anaerobic Digestion Plant 02,Advanced anaerobic digestion facility in Queens, producing biogas and digestate fertilizer from organic waste.,,,,,,,,,,,,,"{"latitude": 40.7484, "longitude": -73.8968, "borough": "Queens", "neighborhood": "Maspeth"}",200000.0,active,operations@queensad.nyc.gov,,,,,
BSFL_FARM-BRONX-01,Facility,Bronx Black Soldier Fly Farm 01,Innovative insect-based waste processing facility using black soldier fly larvae to convert organic waste into protein and fertilizer.,,,,,,,,,,,,,"{"latitude": 40.8442, "longitude": -73.8681, "borough": "Bronx", "neighborhood": "Hunts Point"}",50000.0,active,contact@bsflbronx.com,,,,,
BIOCHAR_PLANT-SI-01,Facility,Staten Island Biochar Plant 01,Pyrolysis facility producing biochar and syngas from woody biomass and organic waste.,,,,,,,,,,,,,"{"latitude": 40.6413, "longitude": -74.1457, "borough": "Staten Island", "neighborhood": "Port Richmond"}",30000.0,active,admin@sibiochar.com,,,,,
NYCRegulationOrganicWaste,Constraint,NYC Local Law 146 - Organic Waste Separation,NYC law requiring certain businesses to separate organic waste for composting or anaerobic digestion. Applies to food service establishments, retail food stores, and food manufacturers with annual organic waste exceeding 1 ton.,,,,,,,,,,,,,,regulatory,high,NYC,,
OdorControlRequirement,Constraint,Odor Control Requirement,Environmental regulation requiring organic waste processing facilities to implement odor control measures to prevent nuisance conditions.,,,,,,,,,,,,,,environmental,medium,NY State,,
HeavyMetal_Limit,Constraint,Heavy Metal Limits for Compost and Digestate,Regulatory limits on heavy metal concentrations in compost and digestate products used for land application.,,,,,,,,,,,,,,regulatory,high,NY State,,
DSNY,Actor,NYC Department of Sanitation (DSNY),New York City's municipal agency responsible for waste collection, recycling, and disposal services. Manages curbside organics collection program.,,,,,,,,,,,,,,,government,city,,
PrivateHauler,Actor,Private Waste Hauler,Licensed private companies that provide waste collection and transportation services to commercial businesses and institutions in NYC.,,,,,,,,,,,,,,,private,city,,
UrbanFarm,Actor,Urban Farm,Community-based agricultural operations in urban areas that use compost and digestate products to grow food for local consumption.,,,,,,,,,,,,,,,,community,neighborhood,
Waste_Processor,Actor,Waste Processor,Companies and facilities that process organic waste into value-added products such as compost, biogas, and animal feed.,,,,,,,,,,,,,,,private,regional,
NYCUrbanAgriculture,Actor,NYC Urban Agriculture Initiative,City program supporting urban agriculture through access to land, resources, and technical assistance.,,,,,,,,,,,,,,,government,city,
edge_id,edge_type,source_id,target_id,properties
FoodScraps_AerobicComposting,WASTECANBEPROCESSEDBY,FoodScraps,AerobicComposting,"{'suitability': 'high', 'preprocessing_required': ['Contaminant Removal', 'Size Reduction'], 'optimal_c_n_ratio': 25.0, 'typical_diversion_rate': 0.85}"
FoodScraps_AnaerobicDigestion,WASTECANBEPROCESSEDBY,FoodScraps,AnaerobicDigestion,"{'suitability': 'very_high', 'preprocessing_required': ['Contaminant Removal', 'Grinding', 'Slurry Preparation'], 'typical_biogas_yield_m3_per_tonne': 180.0, 'typical_diversion_rate': 0.90}"
FoodScraps_BlackSoldierFlyLarvae,WASTECANBEPROCESSEDBY,FoodScraps,BlackSoldierFlyLarvae,"{'suitability': 'high', 'preprocessing_required': ['Contaminant Removal'], 'optimal_waste_types': ['Fruits', 'Vegetables', 'Grains', 'Coffee Grounds'], 'avoid': ['Meat', 'Dairy', 'Oils', 'Salty Foods'], 'typical_diversion_rate': 0.75}"
YardWaste_AerobicComposting,WASTECANBEPROCESSEDBY,YardWaste,AerobicComposting,"{'suitability': 'very_high', 'preprocessing_required': ['Size Reduction', 'Leaf Removal'], 'optimal_c_n_ratio': 30.0, 'typical_diversion_rate': 0.95}"
YardWaste_Vermicomposting,WASTECANBEPROCESSEDBY,YardWaste,Vermicomposting,"{'suitability': 'medium', 'preprocessing_required': ['Size Reduction', 'Partial Composting'], 'optimal_mix_ratio': '50% yard waste, 50% food scraps', 'typical_diversion_rate': 0.80}"
CoffeeGrounds_AerobicComposting,WASTECANBEPROCESSEDBY,CoffeeGrounds,AerobicComposting,"{'suitability': 'high', 'preprocessing_required': ['Contaminant Removal'], 'note': 'High nitrogen content - mix with carbon-rich materials', 'typical_diversion_rate': 0.90}"
CoffeeGrounds_BlackSoldierFlyLarvae,WASTECANBEPROCESSEDBY,CoffeeGrounds,BlackSoldierFlyLarvae,"{'suitability': 'high', 'preprocessing_required': ['Drying recommended'], 'note': 'BSFL can consume coffee grounds directly', 'typical_diversion_rate': 0.80}"
SpentGrain_AnaerobicDigestion,WASTECANBEPROCESSEDBY,SpentGrain,AnaerobicDigestion,"{'suitability': 'very_high', 'preprocessing_required': ['Size Reduction'], 'typical_biogas_yield_m3_per_tonne': 250.0, 'note': 'High organic load - excellent for AD', 'typical_diversion_rate': 0.95}"
SpentGrain_BlackSoldierFlyLarvae,WASTECANBEPROCESSEDBY,SpentGrain,BlackSoldierFlyLarvae,"{'suitability': 'very_high', 'preprocessing_required': [], 'note': 'Excellent substrate for BSFL - high protein content', 'typical_diversion_rate': 0.90}"
FatsOilsGrease_AnaerobicDigestion,WASTECANBEPROCESSEDBY,FatsOilsGrease,AnaerobicDigestion,"{'suitability': 'high', 'preprocessing_required': ['Pre-treatment for long-chain fatty acids'], 'typical_biogas_yield_m3_per_tonne': 1200.0, 'note': 'High energy content - increases biogas production significantly', 'typical_diversion_rate': 0.98, 'max_loading_rate_percent': 5.0}"
FatsOilsGrease_BiocharProduction,WASTECANBEPROCESSEDBY,FatsOilsGrease,BiocharProduction,"{'suitability': 'medium', 'preprocessing_required': ['Dewatering', 'Drying'], 'note': 'Specialized pyrolysis required for oily materials', 'typical_diversion_rate': 0.85}"
YardWaste_BiocharProduction,WASTECANBEPROCESSEDBY,YardWaste,BiocharProduction,"{'suitability': 'very_high', 'preprocessing_required': ['Drying', 'Size Reduction'], 'note': 'Woody yard waste produces high-quality biochar', 'typical_diversion_rate': 0.90}"
AerobicComposting_CompostAmendment,PROCESSPRODUCESRESOURCE,AerobicComposting,CompostAmendment,"{'yield_tonnes_per_tonne_waste': 0.4, 'quality': 'high', 'byproducts': ['CO2', 'Water Vapor', 'Heat'], 'typical_uses': ['Soil Amendment', 'Landscaping', 'Urban Agriculture']}"
Vermicomposting_CompostAmendment,PROCESSPRODUCESRESOURCE,Vermicomposting,CompostAmendment,"{'yield_tonnes_per_tonne_waste': 0.35, 'quality': 'very_high', 'byproducts': ['CO2', 'Worm Castings'], 'typical_uses': ['Potting Mix', 'Garden Amendment', 'High-Value Horticulture']}"
AnaerobicDigestion_Biogas,PROCESSPRODUCESRESOURCE,AnaerobicDigestion,Biogas,"{'yield_m3_per_tonne_waste': 150.0, 'quality': 'high', 'byproducts': ['Digestate'], 'typical_uses': ['Electricity Generation', 'Heating', 'Vehicle Fuel']}"
AnaerobicDigestion_DigestateFertilizer,PROCESSPRODUCESRESOURCE,AnaerobicDigestion,DigestateFertilizer,"{'yield_tonnes_per_tonne_waste': 0.9, 'quality': 'medium', 'byproducts': ['Biogas'], 'typical_uses': ['Agricultural Fertilizer', 'Soil Amendment']}"
BlackSoldierFlyLarvae_AnimalFeed,PROCESSPRODUCESRESOURCE,BlackSoldierFlyLarvae,AnimalFeed,"{'yield_kg_per_tonne_waste': 150.0, 'quality': 'high', 'byproducts': ['Frass'], 'typical_uses': ['Poultry Feed', 'Aquaculture Feed', 'Livestock Feed']}"
BlackSoldierFlyLarvae_Frass,PROCESSPRODUCESRESOURCE,BlackSoldierFlyLarvae,Frass,"{'yield_kg_per_tonne_waste': 850.0, 'quality': 'high', 'byproducts': ['Animal Feed'], 'typical_uses': ['Organic Fertilizer', 'Soil Amendment', 'Plant Nutrient Source']}"
BiocharProduction_Biochar,PROCESSPRODUCESRESOURCE,BiocharProduction,Biochar,"{'yield_percent': 30.0, 'quality': 'high', 'byproducts': ['Syngas', 'Heat'], 'typical_uses': ['Soil Amendment', 'Carbon Sequestration', 'Water Filtration']}"
BiocharProduction_Syngas,PROCESSPRODUCESRESOURCE,BiocharProduction,Syngas,"{'yield_percent': 40.0, 'quality': 'medium', 'byproducts': ['Biochar', 'Heat'], 'typical_uses': ['Energy Generation', 'Chemical Feedstock']}"
FACILITY-BK-COMPOST-01_AerobicComposting,FACILITYSUPPORTSPROCESS,FACILITY-BK-COMPOST-01,AerobicComposting,"{'capacity_tonnes_per_year': 100000.0, 'number_of_lines': 4, 'technology': 'Aerated Static Pile', 'operational_hours_per_day': 16, 'staff_required': 25}"
FACILITY-BK-COMPOST-01_FoodScraps,FACILITYACCEPTSWASTE,FACILITY-BK-COMPOST-01,FoodScraps,"{'accepted_volume_tonnes_per_year': 60000.0, 'contamination_limit_percent': 2.0, 'tipping_fee_per_tonne': 45.0, 'accepted_sources': ['Residential', 'Commercial', 'Institutional']}"
FACILITY-BK-COMPOST-01_YardWaste,FACILITYACCEPTSWASTE,FACILITY-BK-COMPOST-01,YardWaste,"{'accepted_volume_tonnes_per_year': 40000.0, 'contamination_limit_percent': 5.0, 'tipping_fee_per_tonne': 35.0, 'accepted_sources': ['Residential', 'Parks', 'Landscaping']}"
AD_PLANT-QUEENS-02_AnaerobicDigestion,FACILITYSUPPORTSPROCESS,AD_PLANT-QUEENS-02,AnaerobicDigestion,"{'capacity_tonnes_per_year': 200000.0, 'number_of_digestors': 3, 'technology': 'Continuous Stirred Tank Reactor (CSTR)', 'operational_hours_per_day': 24, 'staff_required': 35, 'electricity_generation_capacity_mw': 5.0}"
AD_PLANT-QUEENS-02_FoodScraps,FACILITYACCEPTSWASTE,AD_PLANT-QUEENS-02,FoodScraps,"{'accepted_volume_tonnes_per_year': 120000.0, 'contamination_limit_percent': 1.0, 'tipping_fee_per_tonne': 65.0, 'accepted_sources': ['Commercial', 'Institutional', 'Food Processing']}"
AD_PLANT-QUEENS-02_FatsOilsGrease,FACILITYACCEPTSWASTE,AD_PLANT-QUEENS-02,FatsOilsGrease,"{'accepted_volume_tonnes_per_year': 30000.0, 'contamination_limit_percent': 0.5, 'tipping_fee_per_tonne': 85.0, 'accepted_sources': ['Restaurants', 'Food Processing', 'Grease Traps']}"
AD_PLANT-QUEENS-02_SpentGrain,FACILITYACCEPTSWASTE,AD_PLANT-QUEENS-02,SpentGrain,"{'accepted_volume_tonnes_per_year': 20000.0, 'contamination_limit_percent': 1.0, 'tipping_fee_per_tonne': 55.0, 'accepted_sources': ['Breweries', 'Distilleries']}"
BSFL_FARM-BRONX-01_BlackSoldierFlyLarvae,FACILITYSUPPORTSPROCESS,BSFL_FARM-BRONX-01,BlackSoldierFlyLarvae,"{'capacity_tonnes_per_year': 50000.0, 'number_of_growing_rooms': 10, 'technology': 'Automated BSFL Bioconversion', 'operational_hours_per_day': 24, 'staff_required': 15, 'larvae_production_tonnes_per_year': 7500.0}"
BSFL_FARM-BRONX-01_FoodScraps,FACILITYACCEPTSWASTE,BSFL_FARM-BRONX-01,FoodScraps,"{'accepted_volume_tonnes_per_year': 40000.0, 'contamination_limit_percent': 0.1, 'tipping_fee_per_tonne': 80.0, 'accepted_sources': ['Grocery Stores', 'Food Processing', 'Institutional Kitchens'], 'restricted_items': ['Meat', 'Dairy', 'Oils', 'Salty Foods', 'Citrus']}"
BSFL_FARM-BRONX-01_CoffeeGrounds,FACILITYACCEPTSWASTE,BSFL_FARM-BRONX-01,CoffeeGrounds,"{'accepted_volume_tonnes_per_year': 5000.0, 'contamination_limit_percent': 0.5, 'tipping_fee_per_tonne': 70.0, 'accepted_sources': ['Coffee Shops', 'Offices', 'Households']}"
BSFL_FARM-BRONX-01_SpentGrain,FACILITYACCEPTSWASTE,BSFL_FARM-BRONX-01,SpentGrain,"{'accepted_volume_tonnes_per_year': 5000.0, 'contamination_limit_percent': 0.5, 'tipping_fee_per_tonne': 75.0, 'accepted_sources': ['Breweries', 'Distilleries']}"
BIOCHAR_PLANT-SI-01_BiocharProduction,FACILITYSUPPORTSPROCESS,BIOCHAR_PLANT-SI-01,BiocharProduction,"{'capacity_tonnes_per_year': 30000.0, 'number_of_pyrolysis_units': 2, 'technology': 'Slow Pyrolysis', 'operational_hours_per_day': 20, 'staff_required': 10, 'biochar_production_tonnes_per_year': 9000.0}"
BIOCHAR_PLANT-SI-01_YardWaste,FACILITYACCEPTSWASTE,BIOCHAR_PLANT-SI-01,YardWaste,"{'accepted_volume_tonnes_per_year': 25000.0, 'contamination_limit_percent': 3.0, 'tipping_fee_per_tonne': 100.0, 'accepted_sources': ['Parks', 'Landscaping', 'Tree Services'], 'preferred_materials': ['Branches', 'Wood Chips', 'Leaves']}"
CompostAmendment_UrbanFarm,RESOURCEDEMANDEDBY_ACTOR,CompostAmendment,UrbanFarm,"{'annual_demand_tonnes': 25000.0, 'demand_frequency': 'seasonal', 'quality_requirements': 'Grade A or B', 'delivery_preference': ['Bulk', 'Bagged'], 'willing_to_pay_per_tonne': 80.0}"
CompostAmendment_NYCUrbanAgriculture,RESOURCEDEMANDEDBY_ACTOR,CompostAmendment,NYCUrbanAgriculture,"{'annual_demand_tonnes': 50000.0, 'demand_frequency': 'annual', 'quality_requirements': 'Grade A', 'delivery_preference': ['Bulk'], 'willing_to_pay_per_tonne': 60.0}"
Biogas_Waste_Processor,RESOURCEDEMANDEDBY_ACTOR,Biogas,Waste_Processor,"{'annual_demand_m3': 30000000.0, 'demand_frequency': 'continuous', 'quality_requirements': 'Minimum 55% methane', 'delivery_preference': ['Pipeline'], 'willing_to_pay_per_m3': 0.45}"
DigestateFertilizer_UrbanFarm,RESOURCEDEMANDEDBY_ACTOR,DigestateFertilizer,UrbanFarm,"{'annual_demand_tonnes': 15000.0, 'demand_frequency': 'seasonal', 'quality_requirements': 'Pathogen-free', 'delivery_preference': ['Liquid Tanker', 'Bulk'], 'willing_to_pay_per_tonne': 40.0}"
AnimalFeed_Waste_Processor,RESOURCEDEMANDEDBY_ACTOR,AnimalFeed,Waste_Processor,"{'annual_demand_tonnes': 5000.0, 'demand_frequency': 'monthly', 'quality_requirements': 'Grade A, protein > 40%', 'delivery_preference': ['Bagged', 'Bulk'], 'willing_to_pay_per_tonne': 1200.0}"
Frass_UrbanFarm,RESOURCEDEMANDEDBY_ACTOR,Frass,UrbanFarm,"{'annual_demand_tonnes': 5000.0, 'demand_frequency': 'seasonal', 'quality_requirements': 'Grade A', 'delivery_preference': ['Bagged'], 'willing_to_pay_per_tonne': 200.0}"
Biochar_Waste_Processor,RESOURCEDEMANDEDBY_ACTOR,Biochar,Waste_Processor,"{'annual_demand_tonnes': 3000.0, 'demand_frequency': 'quarterly', 'quality_requirements': 'Grade A, carbon content > 65%', 'delivery_preference': ['Bagged', 'Bulk'], 'willing_to_pay_per_tonne': 500.0}"
NYCRegulationOrganicWaste_FoodScraps,CONSTRAINTAPPLIESTO,NYCRegulationOrganicWaste,FoodScraps,"{'requirement': 'Mandatory separation', 'threshold_tonnes_per_year': 1.0, 'compliance_deadline': '2025-01-01'}"
NYCRegulationOrganicWaste_YardWaste,CONSTRAINTAPPLIESTO,NYCRegulationOrganicWaste,YardWaste,"{'requirement': 'Mandatory separation', 'threshold_tonnes_per_year': 1.0, 'compliance_deadline': '2025-01-01'}"
OdorControlRequirement_AerobicComposting,CONSTRAINTAPPLIESTO,OdorControlRequirement,AerobicComposting,"{'requirement': 'Biofilter or equivalent odor control', 'monitoring': 'Continuous', 'compliance_certificate_required': true}"
OdorControlRequirement_AnaerobicDigestion,CONSTRAINTAPPLIESTO,OdorControlRequirement,AnaerobicDigestion,"{'requirement': 'Enclosed processing with gas collection', 'monitoring': 'Continuous', 'compliance_certificate_required': true}"
HeavyMetal_Limit_CompostAmendment,CONSTRAINTAPPLIESTO,HeavyMetal_Limit,CompostAmendment,"{'requirement': 'Must meet NYSDEC Part 360 standards', 'testing_frequency': 'Annual', 'source_materials': 'Source-separated organics only'}"
HeavyMetal_Limit_DigestateFertilizer,CONSTRAINTAPPLIESTO,HeavyMetal_Limit,DigestateFertilizer,"{'requirement': 'Must meet NYSDEC Part 360 standards', 'testing_frequency': 'Annual', 'source_materials': 'Source-separated organics only'}"
HeavyMetal_Limit_FACILITY-BK-COMPOST-01,CONSTRAINTAPPLIESTO,HeavyMetal_Limit,FACILITY-BK-COMPOST-01,"{'requirement': 'Input materials must be tested', 'testing_frequency': 'Quarterly', 'record_keeping': '5 years'}"
DSNY_FACILITY-BK-COMPOST-01,ACTOROPERATESFACILITY,DSNY,FACILITY-BK-COMPOST-01,"{'relationship': 'Direct operation', 'contract_type': 'Municipal', 'funding_source': 'City budget'}"
PrivateHauler_AD_PLANT-QUEENS-02,ACTOROPERATESFACILITY,PrivateHauler,AD_PLANT-QUEENS-02,"{'relationship': 'Private operation', 'contract_type': 'Concession', 'funding_source': 'Private investment'}"
PrivateHauler_BSFL_FARM-BRONX-01,ACTOROPERATESFACILITY,PrivateHauler,BSFL_FARM-BRONX-01,"{'relationship': 'Private operation', 'contract_type': 'Private', 'funding_source': 'Private investment'}"
PrivateHauler_BIOCHAR_PLANT-SI-01,ACTOROPERATESFACILITY,PrivateHauler,BIOCHAR_PLANT-SI-01,"{'relationship': 'Private operation', 'contract_type': 'Private', 'funding_source': 'Private investment'}"
ResidentialOrganicsBrooklyn_FoodScraps,WASTESTREAMHASWASTETYPE,ResidentialOrganicsBrooklyn,FoodScraps,"{'percentage': 70.0, 'seasonal_variation': 'Higher in summer months'}"
ResidentialOrganicsBrooklyn_YardWaste,WASTESTREAMHASWASTETYPE,ResidentialOrganicsBrooklyn,YardWaste,"{'percentage': 30.0, 'seasonal_variation': 'Higher in fall months'}"
RestaurantFoodWaste_Downtown_FoodScraps,WASTESTREAMHASWASTETYPE,RestaurantFoodWaste_Downtown,FoodScraps,"{'percentage': 95.0, 'contamination_risk': 'medium'}"
RestaurantFoodWaste_Downtown_FatsOilsGrease,WASTESTREAMHASWASTETYPE,RestaurantFoodWaste_Downtown,FatsOilsGrease,"{'percentage': 5.0, 'contamination_risk': 'high'}"
